Handle,Title,Type,Tags,Option1 Name,Option1 Value
chunky-gold-bangle-bracelets-for-women-dainty-14k-gold-plated-big-stackable-bangles-set-trendy-statement-cuff-bracelet-stack-fashion-jewelry-gifts,"Chunky Gold Bangle Bracelets for Women, Dainty 14k Gold Plated Big Stackable Bangles Set, Trendy Statement Cuff Bracelet Stack Fashion Jewelry Gifts",Jewelry,jewelry,Title,Default Title
womengifts-layered-gold-necklaces-for-women-14k-gold-sterling-silver-plated-dainty-pendant-necklace-set-non-tarnish-chunky-stackable-cuban-chain-choker-trendy-birthstone-vacation-jewelry-gift,"WomenGifts Layered Gold Necklaces for Women, 14K Gold Sterling Silver Plated Dainty Pendant Necklace Set Non Tarnish, Chunky Stackable Cuban Chain Choker, Trendy Birthstone Vacation Jewelry Gift",Jewelry,jewelry,Title,Default Title
freekiss-3-pairs-gold-hoop-earrings-set-dainty-stud-earrings-trendy-small-14k-gold-plated-hypoallergenic-dangle-cartilage-huggie-hoop-earrings-for-women-gold-jewelry-for-women-gifts,Freekiss 3 Pairs Gold Hoop Earrings Set: Dainty Stud Earrings Trendy Small 14K Gold Plated Hypoallergenic Dangle Cartilage Huggie Hoop Earrings for Women Gold Jewelry for Women Gifts,Jewelry,jewelry,Title,Default Title
gold-ankle-bracelets-for-women-waterproof-dainty-gold-anklets-trendy-layered-14k-gold-silver-plated-stackable-chunky-cuban-link-chian-anklet-bracelet-set-for-women-non-tarnish-beach-jewelry-gift,Gold Ankle Bracelets for Women Waterproof - Dainty Gold Anklets Trendy Layered 14K Gold/Silver Plated Stackable Chunky Cuban Link Chian Anklet Bracelet Set for Women Non Tarnish Beach Jewelry Gift,Jewelry,jewelry,Title,Default Title
3pairs-gold-hoop-earrings-set-for-women-trendy-chunky-huggie-dainty-earring-jewelry-for-women-teens,3Pairs Gold Hoop Earrings Set for Women Trendy Chunky Huggie Dainty Earring Jewelry for Women Teens,Jewelry,jewelry,Title,Default Title
gokeey-ankle-bracelets-for-women-waterproof-14k-gold-plated-jewelry-set-layered-cuban-figaro-link-chain-anklets-set-gold-anklets-summer-boho-beach-jewelry-gift-adjustable-size,"Gokeey Ankle Bracelets for Women Waterproof, 14k Gold Plated Jewelry Set Layered Cuban Figaro Link Chain Anklets Set Gold Anklets Summer Boho Beach Jewelry Gift Adjustable Size",Jewelry,jewelry,Title,Default Title
non-tarnish-gold-chunky-rings-for-women-14k-gold-plated-statement-dome-rings-stacking-silver-adjustable-mens-eternity-wedding-band-mixed-metal-jewelry-size-3-13,"Non Tarnish Gold Chunky Rings for Women, 14K Gold Plated Statement Dome Rings Stacking Silver, Adjustable Mens Eternity Wedding Band Mixed Metal Jewelry Size 3-13",Jewelry,jewelry,Title,Default Title
gacimy-gold-hoop-earrings-for-women-14k-real-gold-plated-hoops-with-925-sterling-silver-post,Gacimy Gold Hoop Earrings for Women 14K Real Gold Plated Hoops with 925 Sterling Silver Post,Jewelry,jewelry,Title,Default Title
pavoi-14k-gold-plated-cubic-zirconia-cross-necklace-for-women-cross-faith-pendant-necklaces,PAVOI 14K Gold Plated Cubic Zirconia Cross Necklace for Women | Cross Faith Pendant Necklaces,Jewelry,jewelry,Title,Default Title
fesciory-leather-wrap-bracelets-for-women-boho-leopard-multi-layer-crystal-beads-cuff-bracelet-jewelry,"Fesciory Leather Wrap Bracelets for Women, Boho Leopard Multi-Layer Crystal Beads Cuff Bracelet Jewelry",Jewelry,jewelry,Title,Default Title
jewlpire-18k-gold-plated-925-sterling-silver-chain-necklace-for-women-1-1mm-cable-chains-necklace-thin-dainty-sturdy-womens-chain-necklaces-14-16-17-18-20-22-24-inches,"Jewlpire 18k Gold Plated 925 Sterling Silver Chain Necklace for Women, 1.1mm Cable Chains Necklace Thin & Dainty & Sturdy Women's Chain Necklaces, 14/16/17/18/20/22/24 Inches",Jewelry,jewelry,Title,Default Title
gacimy-gold-hoop-earrings-for-women-14k-gold-plated-925-sterling-silver-post-hypoallergenic-earrings-hoops-for-women,"Gacimy Gold Hoop Earrings for Women 14K Gold Plated, 925 Sterling Silver Post Hypoallergenic Earrings Hoops for Women",Jewelry,jewelry,Title,Default Title
if-you-gold-ankle-bracelets-for-women-14k-gold-plated-waterproof-cuban-link-chain-anklets-set-layered-anklet-bracelets-for-women-beach-gift-adjustable-size-5pcs,"iF YOU Gold Ankle Bracelets for Women, 14k Gold Plated Waterproof Cuban Link Chain Anklets Set, Layered Anklet Bracelets for Women Beach Gift Adjustable Size 5pcs",Jewelry,jewelry,Title,Default Title
4-pairs-silver-gold-hoop-earrings-for-women-14k-gold-plated-hoop-earrings-set-hypoallergenic-earring-lightweight-dangle-earrings-set,4 Pairs Silver Gold Hoop Earrings for Women | 14K Gold Plated Hoop Earrings Set Hypoallergenic Earring Lightweight Dangle Earrings Set,Jewelry,jewelry,Title,Default Title
qceasiy-shell-ankle-bracelet-set-for-women-gold-plated-boho-bead-adjustable-anklet-hawaiian-beach-seashell-pearl-heart-starfish-conch-foot-jewelry-gifts,"Qceasiy Shell Ankle Bracelet Set for Women, Gold Plated Boho Bead Adjustable Anklet, Hawaiian Beach Seashell Pearl Heart Starfish Conch Foot Jewelry Gifts",Jewelry,jewelry,Title,Default Title
lilie-white-resin-chunky-beaded-necklace-for-women-minimalistic-modern-statement-necklace-jewelry-accessories,LILIE&WHITE Resin Chunky Beaded Necklace for Women Minimalistic Modern Statement Necklace Jewelry Accessories,Jewelry,jewelry,Title,Default Title
cueziy-dainty-silver-gold-necklaces-for-women-cute-station-choker-simulated-diamond-necklace-simple-layering-cz-necklace-trendy-jewelry-gifts,CUEZIY Dainty Silver Gold Necklaces for Women Cute Station Choker Simulated Diamond Necklace Simple Layering CZ Necklace Trendy Jewelry Gifts,Jewelry,jewelry,Title,Default Title
dangle-flower-earrings-for-women-statement-trendy-hoop-earring-floral-drop-earrings-jewelry,Dangle Flower Earrings for Women Statement Trendy Hoop Earring Floral Drop Earrings Jewelry,Jewelry,jewelry,Title,Default Title
3pcs-14k-gold-plated-hand-chain-bracelets-for-women-stack-bracelets-set-adjustable-trendy-dainty-ring-bracelet-hand-chain,"3PCS 14K Gold-Plated Hand Chain Bracelets for Women, Stack Bracelets Set Adjustable, Trendy Dainty Ring Bracelet Hand Chain",Jewelry,jewelry,Title,Default Title
2-3-pcs-gold-anklets-for-women-waterproof-cuban-link-anklet-beaded-bracelets-stackable-bracelets-14k-gold-plated-custom-jewelry-gifts-non-tarnish-lightweight,2/3 PCS Gold Anklets for Women Waterproof Cuban Link Anklet Beaded Bracelets Stackable Bracelets 14K Gold Plated Custom Jewelry Gifts Non Tarnish Lightweight,Jewelry,jewelry,Title,Default Title
holidayqbee-beaded-necklace-for-women-boho-bead-gemstone-chunky-necklace-big-bead-necklace-fashion-trendy-summer-necklaces-jewelry-gifts,HolidayQbee Beaded necklace for Women Boho Bead Gemstone Chunky Necklace Big Bead Necklace Fashion Trendy Summer Necklaces Jewelry Gifts,Jewelry,jewelry,Title,Default Title
pavoi-14k-gold-plated-3mm-cubic-zirconia-classic-tennis-bracelet-gold-bracelets-for-women,PAVOI 14K Gold Plated 3mm Cubic Zirconia Classic Tennis Bracelet | Gold Bracelets for Women,Jewelry,jewelry,Title,Default Title
pavoi-gold-plated-solid-925-sterling-silver-cz-simulated-diamond-stackable-ring-eternity-bands-for-women,PAVOI Gold Plated Solid 925 Sterling Silver CZ Simulated Diamond Stackable Ring Eternity Bands for Women,Jewelry,jewelry,Title,Default Title
kendra-scott-elisa-pendant-necklace-for-women-fashion-jewelry-14k-gold-plated,"Kendra Scott Elisa Pendant Necklace for Women, Fashion Jewelry, 14k Gold-Plated",Jewelry,jewelry,Title,Default Title
boruo-toe-rings-925-sterling-silver-band-ring-waterproof-14k-gold-plated-toe-rings-sterling-silver-rings-for-women-2-mm-3mm-4mm,"BORUO Toe Rings - 925 Sterling Silver Band Ring - Waterproof 14K Gold Plated Toe Rings - Sterling Silver Rings for Women, 2 mm, 3mm, 4mm",Jewelry,jewelry,Title,Default Title
sriomu-natural-healing-stone-fishhoop-dangle-drop-earrings-statement-gold-silver-earrings,Sriomu Natural Healing Stone Fishhoop Dangle Drop Earrings Statement Gold silver earrings,Jewelry,jewelry,Title,Default Title
hayoso-18k-gold-plated-halo-stud-earrings-925-sterling-silver-cubic-zirconia-stud-earrings-round-square-diamonique-stud-earrings-set-for-women-men,Hayoso 18K Gold Plated Halo Stud Earrings 925 Sterling Silver Cubic Zirconia Stud Earrings Round Square Diamonique Stud Earrings Set for Women Men,Jewelry,jewelry,Title,Default Title
pdwznba-love-friendship-ring-18k-gold-plated-stainless-steel-promise-ring-wedding-band-jewelry-birthday-gifts-for-women,PDWZNBA Love Friendship Ring 18K Gold-Plated Stainless Steel Promise Ring Wedding Band Jewelry Birthday Gifts for Women,Jewelry,jewelry,Title,Default Title
july-4th-independence-day-earrings-american-flag-five-pointed-star-earrings-dangle-earrings-for-women-independence-day-gifts,July 4th Independence Day Earrings American Flag Five-pointed Star Earrings Dangle Earrings for Women Independence Day Gifts,Jewelry,jewelry,Title,Default Title
ring-sizers-for-loose-rings-eiito-ring-size-adjuster-spacers-or-tightener-invisible-guards-6-sizes-fitter-resizer-fit-almost-any-rings-reduces-size-by-0-5-1-5,"Ring Sizers for Loose Rings, Eiito Ring Size Adjuster Spacers or Tightener, Invisible Guards, 6 Sizes Fitter, Resizer Fit Almost Any Rings, Reduces Size by 0.5-1.5",Jewelry,jewelry,Title,Default Title
rostivo-american-flag-earrings-for-women-4th-of-july-patriotic-earrings-cute-teardrop-faux-leather-dangle-earrings,ROSTIVO American Flag Earrings for Women 4th of July Patriotic Earrings Cute Teardrop Faux Leather Dangle Earrings,Jewelry,jewelry,Title,Default Title
mysense-4th-of-july-outfits-for-women-red-white-blue-patriotic-star-dangle-american-flag-earrings-250-anniversary-usa-merchandise-perfect-independence-day-accessories-gifts,"Mysense 4th of July Outfits for Women: Red White Blue Patriotic Star Dangle American Flag Earrings,250 Anniversary USA Merchandise, Perfect Independence Day Accessories & Gifts",Jewelry,jewelry,Title,Default Title
6-pairs-stud-earrings-set-hypoallergenic-cubic-zirconia-316l-earrings-stainless-steel-cz-earrings-3-8mm-steel-color,"6 Pairs Stud Earrings Set, Hypoallergenic Cubic Zirconia 316L Earrings Stainless Steel CZ Earrings 3-8mm (Steel color)",Jewelry,jewelry,Title,Default Title
gemqueen-piercing-taper-ball-grabber-tool-for-changing-jewelry-14g-16g-18g-20g-stainless-steel-flat-back-earrings-applicator-tool-threadless-insertion-pin-thread-body-piercing-kit-for-ear-nose-lip,GEMQUEEN Piercing Taper Ball Grabber Tool for Changing Jewelry - 14G 16G 18G 20G Stainless Steel Flat Back Earrings Applicator Tool Threadless Insertion Pin Thread Body Piercing Kit for Ear Nose Lip,Jewelry,jewelry,Title,Default Title
orangelove-hypoallergenic-nose-rings-20g-18g-16g-14g-12g-10g-8g-316l-surgical-steel-septum-jewelry-hinged-segment-ring-body-piercing-nose-hoop-lip-rings-nose-helix-cartilage-rook-earrings,ORANGELOVE Hypoallergenic Nose Rings 20G 18G 16G 14G 12G 10G 8G 316l Surgical Steel Septum Jewelry Hinged Segment Ring Body Piercing Nose Hoop Lip Rings Nose Helix Cartilage Rook Earrings,Jewelry,jewelry,Title,Default Title
theracopper-copper-bracelet-for-men-women-100-pure-copper-bracelets-raw-solid-uncoated-authentic-handmade-tibetan-bracelet-cuff-bangles,"TheraCopper Copper Bracelet for Men & Women — 100% Pure Copper Bracelets — Raw, Solid & Uncoated Authentic Handmade Tibetan Bracelet Cuff Bangles",Jewelry,jewelry,Title,Default Title
egnaro-women-s-engagement-rings-silicone-inner-arc-ergonomic-breathable-design-with-half-sizes-rubber-wedding-band-rings-5-5mm-wide-2mm-thick,"Egnaro Women's Engagement Rings, Silicone Inner Arc Ergonomic Breathable Design with half sizes, Rubber Wedding Band Rings��5.5mm Wide-2mm Thick",Jewelry,jewelry,Title,Default Title
poxtex-small-sterling-silver-huggie-hoop-earrings-set-for-women-hypoallergenic-14k-gold-plated-hoops-stacks-for-multiple-piercings-dainty-cute-mini-lightweight-cartilage-studs-trendy-jewelry-gift,"Poxtex Small Sterling Silver Huggie Hoop Earrings Set for Women, Hypoallergenic 14K Gold Plated Hoops Stacks for Multiple Piercings, Dainty Cute Mini Lightweight Cartilage Studs Trendy Jewelry Gift",Jewelry,jewelry,Title,Default Title
lpbeads-handmade-natural-gemstone-stretch-elastic-bracelet-healing-crystal-round-stone-beads-jewelry-gifts-for-women-men,LPBeads Handmade Natural Gemstone Stretch Elastic Bracelet Healing Crystal Round Stone Beads Jewelry Gifts for Women Men,Jewelry,jewelry,Title,Default Title
lolias-hypoallergenic-flat-back-earrings-cartilage-earring-stacks-surgical-steel-earrings-for-sensitive-ears-small-stainless-steel-flatback-stud-hoop-earring-sets-for-helix-tragus-conch-daith-multiple-piercing-jewelry-trendy,LOLIAS Hypoallergenic Flat Back Earrings-Cartilage Earring Stacks-Surgical Steel Earrings for Sensitive Ears - Small Stainless Steel Flatback Stud Hoop Earring Sets for Helix Tragus Conch Daith Multiple Piercing Jewelry Trendy,Jewelry,jewelry,Title,Default Title
jewlpire-18k-gold-plated-925-sterling-silver-chain-necklace-for-women-1-1mm-cable-chains-necklace-thin-dainty-sturdy-women-s-chain-necklaces-14-16-17-18-20-22-24-inches,"Jewlpire 18k Gold Plated 925 Sterling Silver Chain Necklace for Women, 1.1mm Cable Chains Necklace Thin & Dainty & Sturdy Women's Chain Necklaces, 14/16/17/18/20/22/24 Inches",Jewelry,jewelry,Title,Default Title
bioflex-clear-earrings-for-sports-work-school-surgery-mri-clear-piercing-jewelry-labret-studs-for-ears-cartilage-helix-tragus-lip-medusa-monroe-flat-push-in-plastic-earrings-16g-18g-piercing-retainers,"Bioflex Clear Earrings for Sports, Work, School, Surgery, MRI - Clear Piercing Jewelry Labret Studs for Ears, Cartilage, Helix, Tragus, Lip, Medusa, Monroe - Flat Push-In Plastic Earrings (16g, 18g) Piercing Retainers",Jewelry,jewelry,Title,Default Title
316l-surgical-steel-hypoallergenic-hinged-nose-ring-hoop-for-women-men-seamless-clasp-used-in-nostril-septum-lip-and-all-ear-piercings-20-gauge-to-6-gauge-inner-diameter-5mm-to-22mm,"316L Surgical Steel Hypoallergenic Hinged Nose Ring Hoop for Women & Men | Seamless Clasp, Used in Nostril, septum, lip, and all ear piercings. 20 Gauge to 6 Gauge, Inner Diameter 5mm to 22mm",Jewelry,jewelry,Title,Default Title
small-gold-huggie-hoop-earrings-set-for-women-men-hypoallergenic-14k-plated-stack-cartilage-earrings-sterling-silver-multiple-piercing-lightweight-mini-thin-cute-dainty-trendy-jewelry-gifts-for-women,"Small Gold Huggie Hoop Earrings Set for Women Men Hypoallergenic 14K Plated Stack Cartilage Earrings, Sterling Silver Multiple Piercing Lightweight Mini Thin Cute Dainty Trendy Jewelry Gifts for Women",Jewelry,jewelry,Title,Default Title
4th-of-july-independence-day-patriotic-earring-for-women-american-flag-dangle-earrings-patriotic-red-white-blue-usa-earring-pave-crystal-stud,"4th of July Independence Day Patriotic Earring for Women American Flag Dangle Earrings Patriotic Red White Blue USA Earring, Pave Crystal Stud",Jewelry,jewelry,Title,Default Title
mysense-250-anniversary-usa-merchandise-red-white-blue-patriotic-acrylic-teardrop-dangle-earrings-ideal-for-4th-of-july-outfits-accessories-perfect-patriotic-gift-for-women,"Mysense 250 Anniversary USA Merchandise,Red White & Blue Patriotic Acrylic Teardrop Dangle Earrings,Ideal for 4th of July Outfits & Accessories,Perfect Patriotic Gift for Women",Jewelry,jewelry,Title,Default Title
250th-anniversary-usa-shirt-patriotic-glitter-star-earring-for-250-anniversary-america-merchandise-4th-of-july-outfits-for-women-fourth-of-july-accessories-memorial-day-decorations-for-girls,"250th Anniversary USA Shirt - Patriotic Glitter Star Earring for 250 Anniversary America Merchandise - 4th of July Outfits for Women,Fourth of July Accessories | Memorial Day Decorations for Girls",Jewelry,jewelry,Title,Default Title
dorana-jewelry-for-her-gift-3-pairs-925-sterling-silver-earrings-for-women-non-tarnish-14k-gold-plated-small-hypoallergenic-huggie-hoops-cartilage-stack-earring-sets-for-multiple-piercing,DORANA Jewelry for Her Gift 3 Pairs 925 Sterling Silver Earrings for Women Non Tarnish 14K Gold Plated Small Hypoallergenic Huggie Hoops Cartilage Stack Earring Sets for Multiple Piercing,Jewelry,jewelry,Title,Default Title
6-pairs-14k-gold-plated-stud-earrings-for-women-hypoallergenic-cartilage-earrings-for-multiple-piercing-dainty-small-stackable-earrings-set-for-jewelry-gift,"6 Pairs 14K Gold Plated Stud Earrings for Women, Hypoallergenic Cartilage Earrings for Multiple Piercing, Dainty Small Stackable Earrings Set for Jewelry Gift",Jewelry,jewelry,Title,Default Title
tony-sandy-friend-gifts-for-women-unique-birthday-gifts-for-women-sister-gift-from-sister-wave-bracelet-christmas-graduation-mothers-day-gift-for-her-bestie-friendship-bracelets,"TONY & SANDY Friend Gifts for Women, Unique Birthday Gifts for Women, Sister Gift from Sister, Wave Bracelet, Christmas Graduation Mothers Day Gift for Her, Bestie Friendship Bracelets",Jewelry,jewelry,Title,Default Title
aozel-gold-silver-plated-anklet-bracelets-for-women-waterproof-plus-size-cuban-link-chain-ankle-bracelet-for-large-ankle-9-12inch,AOZEL Gold/Silver Plated Anklet Bracelets for Women Waterproof Plus Size Cuban Link Chain Ankle Bracelet for Large Ankle 9-12inch,Jewelry,jewelry,Title,Default Title
5-pairs-14k-gold-plated-huggie-hoop-earrings-for-women-lightweight-minimalist-small-hoops-hypoallergenic-nickel-free-lead-free-non-tarnish-everyday-jewelry-for-sensitive-ears-multiple-piercing-stack-set,"5 Pairs 14K Gold Plated Huggie Hoop Earrings for Women - Lightweight Minimalist Small Hoops, Hypoallergenic Nickel-free Lead-free, Non-Tarnish Everyday Jewelry for Sensitive Ears, Multiple Piercing Stack Set",Jewelry,jewelry,Title,Default Title
jewlpire-925-sterling-silver-chain-necklace-chain-for-women-1-1mm-cable-chains-necklace-upgraded-spring-ring-clasp-thin-sturdy-women-s-chains-necklaces-14-16-18-20-22-24-inch,Jewlpire 925 Sterling Silver Chain Necklace Chain for Women 1.1mm Cable Chains Necklace Upgraded Spring-Ring Clasp - Thin & Sturdy Women's Chains Necklaces 14 16 18 20 22 24 Inch,Jewelry,jewelry,Title,Default Title
jstyle-hypoallergenic-stud-hoop-earrings-for-women-small-flat-back-surgical-stainless-steel-earrings-for-sensitive-ears-trendy-silver-hoops-cartilage-earring-stacks-set-multiple-piercing-jewelry-gifts,Jstyle Hypoallergenic Stud Hoop Earrings for Women Small Flat Back Surgical Stainless Steel Earrings for Sensitive Ears Trendy Silver Hoops Cartilage Earring Stacks Set Multiple Piercing Jewelry Gifts,Jewelry,jewelry,Title,Default Title
pavoi-14k-gold-plated-solid-925-sterling-silver-post-cubic-zirconia-stud-flat-back-earrings-for-women-cartilage-earring-helix-piercing-jewelry-small-stud-earrings-for-women,PAVOI 14K Gold Plated Solid 925 Sterling Silver Post Cubic Zirconia Stud Flat Back Earrings for Women | Cartilage Earring | Helix Piercing Jewelry | Small Stud Earrings for Women,Jewelry,jewelry,Title,Default Title
egnaro-4-5-8-variety-multipack-ergonomic-breathable-bridal-rings-sets-6mm-wide-2mm-thick-rubber-wedding-bands-women-silicone-rings-for-her-with-half-size,"Egnaro 4/5/8 Variety Multipack Ergonomic Breathable Bridal Rings Sets, 6mm Wide - 2mm Thick Rubber Wedding bands women, silicone Rings for her with Half Size",Jewelry,jewelry,Title,Default Title
6-pairs-14k-gold-plated-hoop-earrings-for-women-lightweight-chunky-hoop-earrings-multipack-hypoallergenic-thick-open-twisted-huggie-hoops-earring-set-jewelry-for-gifts,"6 Pairs 14K Gold Plated Hoop Earrings for Women Lightweight Chunky Hoop Earrings Multipack Hypoallergenic, Thick Open Twisted Huggie Hoops Earring Set Jewelry for Gifts.",Jewelry,jewelry,Title,Default Title
blessmylove-316l-surgical-steel-22g-20g-18g-nose-rings-studs-l-shape-nose-nostrial-piercing-body-jewerly-l-shaped-nose-studs-1-5mm-2mm-2-5mm-3mm-cz-nose-screw-studs-rings-for-women,BLESSMYLOVE 316L Surgical Steel 22g/20g/18g Nose Rings Studs L-Shape Nose Nostrial Piercing Body Jewerly L Shaped Nose Studs 1.5mm 2mm 2.5mm 3mm CZ Nose Screw Studs Rings for Women,Jewelry,jewelry,Title,Default Title
gokeey-316l-surgical-stainless-steel-small-gold-silver-hoop-earrings-for-women-men-hypoallergenic-cartilage-helix-earrings-for-sensitive-ears-cute-conch-rook-tiny-huggie-hoops-earring-set-for-multiple-piercing-jewelry-gift-6mm-12mm,"Gokeey 316L Surgical Stainless Steel Small Gold Silver Hoop Earrings for Women Men,Hypoallergenic Cartilage Helix Earrings for Sensitive Ears,Cute Conch Rook Tiny Huggie Hoops Earring Set for Multiple Piercing Jewelry Gift 6mm-12mm",Jewelry,jewelry,Title,Default Title
lolias-flat-back-earrings-for-women-hypoallergenic-surgical-steel-earrings-for-sensitive-ears-20g-cartilage-earring-stacks-14k-gold-plated-hoops-flatback-stud-earring-sets-for-multiple-piercing,LOLIAS Flat Back Earrings for Women Hypoallergenic Surgical Steel Earrings for Sensitive Ears-20G Cartilage Earring Stacks 14K Gold Plated Hoops Flatback Stud Earring Sets for Multiple Piercing,Jewelry,jewelry,Title,Default Title
bagsmart-quilted-crossbody-bags-for-women-travel-purses-hobo-shoulder-bag-fits-12-9-ipad-long-adjustable-strap-puffer-purses-for-commute-daily-use-travel-essentials-inner-pockets-water-resistant,"BAGSMART Quilted Crossbody Bags for Women, Travel Purses Hobo Shoulder Bag | Fits 12.9"" iPad, Long Adjustable Strap, Puffer Purses for Commute Daily Use Travel Essentials, Inner Pockets, Water-resistant",Handbag,bags,Title,Default Title
joryin-woven-womens-crossbody-bag-evening-purse-trendy-dumpling-clutch-hobo-cloud-shoulder-bag-trendy-dumpling-clutch,"Joryin Woven Women's Crossbody Bag & Evening Purse, Trendy Dumpling Clutch & Hobo Cloud Shoulder Bag Trendy Dumpling Clutch",Handbag,bags,Title,Default Title
bagstellar-puffer-tote-bag-for-women-lightweight-puffy-work-handbag-teacher-nurse-quilted-shoulder-bag-for-school-travel-gym-cloud-bag-w-zipper,"Bagstellar Puffer Tote Bag for Women, Lightweight Puffy Work Handbag Teacher Nurse Quilted Shoulder Bag for School Travel Gym | Cloud Bag w/ Zipper",Handbag,bags,Title,Default Title
cyhtwsdj-shoulder-bags-for-women-cute-hobo-tote-handbag-mini-clutch-purse-with-zipper-closure,"CYHTWSDJ Shoulder Bags for Women, Cute Hobo Tote Handbag Mini Clutch Purse with Zipper Closure",Handbag,bags,Title,Default Title
aphison-trendy-leather-crossbody-purse-with-adjustable-strap-womens-shoulder-handbag,"APHISON Trendy Leather Crossbody Purse with Adjustable Strap, Women's Shoulder Handbag",Handbag,bags,Title,Default Title
kalidi-beach-nylon-mesh-tote-bag-casual-tote-bag-hobo-women-foldable-max-23l-shoulder-bag-for-beach-picnic-vacation,"KALIDI Beach Nylon Mesh Tote Bag, Casual Tote Bag Hobo Women Foldable MAX 23L Shoulder Bag For Beach Picnic Vacation",Handbag,bags,Title,Default Title
kkxiu-shoulder-bag-for-women-small-clutch-purses-cute-hobo-handbag-trendy-underarm-bag,KKXIU Shoulder Bag for Women Small Clutch Purses Cute Hobo Handbag Trendy Underarm Bag,Handbag,bags,Title,Default Title
bagsmart-small-sling-bag-for-women-puffer-crossbody-bag-purses-hobo-handbag-fanny-packs-for-travel-hiking,"BAGSMART Small Sling Bag for Women, Puffer Crossbody Bag Purses Hobo Handbag Fanny Packs for Travel Hiking",Handbag,bags,Title,Default Title
bagsmart-small-crossbody-bags-for-women-puffer-cute-bum-bag-with-pouch-quilted-purse-for-daily-travel-college,"BAGSMART Small Crossbody Bags for Women, Puffer Cute Bum Bag with Pouch, Quilted Purse for Daily Travel College",Handbag,bags,Title,Default Title
mintegra-women-shoulder-handbag-roomy-multiple-pockets-bag-ladies-crossbody-purse-fashion-tote-top-handle-satchel,MINTEGRA Women Shoulder Handbag Roomy Multiple Pockets Bag Ladies Crossbody Purse Fashion Tote Top Handle Satchel,Handbag,bags,Title,Default Title
inicat-womens-small-sling-bag-lightweight-everyday-vegan-leather-crossbody-purse-for-daily-essentials-and-travel-light,"INICAT Women's Small Sling Bag, Lightweight Everyday Vegan Leather Crossbody Purse for Daily Essentials and Travel Light",Handbag,bags,Title,Default Title
bagsmart-tote-bag-for-women-lightweight-puffy-tote-bag-with-compartments-shoulder-bag-handbag-for-travel-work-gym-lightweight,"BAGSMART Tote Bag for Women, Lightweight Puffy Tote Bag with Compartments Shoulder Bag Handbag for Travel, Work, Gym | Lightweight",Handbag,bags,Title,Default Title
angelkiss-hobo-purses-and-handbags-for-women-satchel-handbag-women-purses-large-daily-shoulder-bags-purses,Angelkiss Hobo Purses and handbags for Women Satchel Handbag Women Purses Large Daily Shoulder Bags | Purses,Handbag,bags,Title,Default Title
biaotie-lightweight-small-crossbody-bags-cell-phone-purses-travel-pouch-shoulder-bag-for-women,BIAOTIE Lightweight Small Crossbody bags Cell Phone Purses Travel Pouch Shoulder Bag for Women,Handbag,bags,Title,Default Title
kalidi-women-corduroy-tote-bag-zipper-casual-totes-handbag-big-capacity-shoulder-bag-with-pockets,KALIDI Women Corduroy Tote Bag Zipper Casual Tote's Handbag Big Capacity Shoulder Bag with Pockets,Handbag,bags,Title,Default Title
montana-west-crossbody-bag-for-women-large-bum-bag-purse-soft-vegan-leather-travel-fanny-pack-with-coin-purse,"Montana West Crossbody Bag for Women, Large Bum Bag Purse Soft Vegan Leather Travel Fanny Pack with Coin Purse",Handbag,bags,Title,Default Title
kkxiu-shoulder-bag-for-women-cute-hobo-purses-and-handbags-retro-clutch-underarm-purse-cute,KKXIU Shoulder Bag for Women Cute Hobo Purses and Handbags Retro Clutch Underarm Purse | Cute,Handbag,bags,Title,Default Title
cookooky-crochet-beach-tote-bag-summer-beach-bag-for-women-aesthetic-mesh-tote-bag-hippie-bag-knit-bag,COOKOOKY Crochet Beach Tote bag Summer Beach Bag for Women Aesthetic Mesh Tote Bag Hippie Bag Knit Bag,Handbag,bags,Title,Default Title
fashion-mini-crossbody-bag-handbags-purses-with-adjustable-strap-for-women-ladies-shoulder-totes-bag,"Fashion Mini Crossbody Bag, Handbags Purses with Adjustable Strap for Women, Ladies Shoulder Totes Bag",Handbag,bags,Title,Default Title
dihklcio-clutch-purses-for-women-2026-summer-beach-woven-crochet-bag-dumpling-striped-ruched-cloud-purse-evening-handbag,DIHKLCIO Clutch Purses for Women 2026 Summer Beach Woven Crochet Bag Dumpling Striped Ruched Cloud Purse Evening Handbag,Handbag,bags,Title,Default Title
bagsmart-boxy-tote-bag-for-women-crossbody-bag-with-zipper-crush-bow-purses-for-travel-work-college,"BAGSMART Boxy Tote Bag for Women, Crossbody Bag with Zipper, Crush Bow Purses for Travel Work College",Handbag,bags,Title,Default Title
bagsmart-mini-backpack-for-women-lightweight-puffer-small-backpack-purse-quilted-casual-travel-daypack-cute-water-resistant-bookbag-for-daily-black,"BAGSMART Mini Backpack for Women, Lightweight Puffer Small Backpack Purse, Quilted Casual Travel Daypack, Cute Water-Resistant Bookbag for Daily, Black",Handbag,bags,Title,Default Title
bohunono-woven-clutch-purses-for-woman-summer-beach-purse-for-vacation-woven-striped-dumpling-bag-crochet-evening-handbag,"bohunono Woven Clutch Purses for Woman,Summer Beach Purse for Vacation, Woven Striped Dumpling Bag,Crochet Evening Handbag",Handbag,bags,Title,Default Title
travelon-anti-theft-heritage-small-crossbody-bag,Travelon Anti-Theft Heritage Small Crossbody Bag,Handbag,bags,Title,Default Title
banelu-small-sling-backpack-crossbody-bags-for-women-men-small-sling-bag-cross-body-bag-fanny-packs-crossbody-purses-black,"Banelu Small Sling Backpack Crossbody Bags for Women Men, Small Sling Bag Cross Body Bag Fanny Packs Crossbody Purses - Black",Handbag,bags,Title,Default Title
simple-modern-extra-large-beach-bag-waterproof-getaway-rubber-tote-with-zipper-pocket-for-travel-pool-boat-groceries-sports-blue-dune,"Simple Modern Extra-Large Beach Bag | Waterproof Getaway Rubber Tote with Zipper Pocket for Travel, Pool, Boat, Groceries, Sports | Blue Dune",Handbag,bags,Title,Default Title
montana-west-tote-bags-for-women-top-handle-satchel-purses,Montana West Tote Bags for Women Top Handle Satchel Purses,Handbag,bags,Title,Default Title
cookooky-straw-clutch-handbag-summer-beach-straw-purse-for-women-woven-envelope-bag-straw,COOKOOKY Straw Clutch Handbag Summer Beach Straw Purse for Women woven Envelope Bag | Straw,Handbag,bags,Title,Default Title
iioscre-beach-bag-for-women-causal-hobo-bag-with-zipper-inner-pocket-foldable-mesh-dive-duffle-bag-for-vacation-essentials,"Iioscre Beach Bag for Women, Causal Hobo Bag with Zipper Inner Pocket, Foldable Mesh Dive Duffle Bag for Vacation Essentials",Handbag,bags,Title,Default Title
black-and-white-checkered-crossbody-bag-bum-bag-for-women-spacious-checkered-purse-fanny-packs-belt-bag,"Black and White Checkered Crossbody Bag Bum Bag for Women,Spacious Checkered Purse Fanny Packs Belt Bag",Handbag,bags,Title,Default Title
airkit-small-wallet-women-rfid-blocking-soft-leather-bifold-compact-card-holder-wallet-for-women-with-zipper-coin-pocket-4-id-window,Airkit Small Wallet Women RFID Blocking Soft Leather Bifold Compact Card Holder Wallet for Women with Zipper Coin Pocket 4 ID Window,Handbag,bags,Title,Default Title
clear-bag-for-stadium-events-stadium-approved-small-mini-clear-purse-women-s-top-handle-handbags-for-sports-concerts,"Clear Bag for Stadium Events - Stadium Approved Small Mini Clear Purse, Women's Top-Handle Handbags for Sports Concerts",Handbag,bags,Title,Default Title
bagsmart-cross-body-purse-mini-crossbody-bags-for-women-travel-purse-puffy-shoulder-handbag-wallet-with-rfid-blocking-slots-black-small,"BAGSMART Cross Body Purse, Mini Crossbody Bags for Women Travel Purse, Puffy Shoulder Handbag Wallet with RFID Blocking Slots, Black-small",Handbag,bags,Title,Default Title
bs-vog-clear-purse-for-women-stadium-approved-small-crossbody-bag-with-zipper-clear-stadium-bag-for-concerts-sports,"BS-VOG Clear Purse for Women - Stadium Approved Small Crossbody Bag with Zipper, Clear Stadium Bag for Concerts, Sports",Handbag,bags,Title,Default Title
clear-purse-for-women-stadium-approved-crossbody-bag-small-stadium-bag-for-concerts-sports-events,"Clear Purse for Women - Stadium Approved Crossbody Bag, Small Stadium Bag for Concerts & Sports Events",Handbag,bags,Title,Default Title
fammart-iridescent-clear-beach-bags-waterproof-sandproof-for-women-large-jelly-tote-zipper-pool-bag-cruise-essentials-2026,"Fammart Iridescent Clear Beach Bags Waterproof Sandproof for Women, Large Jelly Tote Zipper Pool Bag Cruise Essentials 2026",Handbag,bags,Title,Default Title
toughergun-women-s-small-slim-leather-wallet-with-rfid-protection-compact-bifold-mini-purse-with-clear-id-window,"Toughergun Women’s Small Slim Leather Wallet with RFID Protection, Compact Bifold Mini Purse with Clear ID Window",Handbag,bags,Title,Default Title
fibrdoo-clear-crossbody-purse-bag-clear-bag-stadium-approved-with-front-pocket-for-concerts-sports-festivals,"Fibrdoo Clear Crossbody Purse Bag, Clear Bag Stadium Approved with Front Pocket for Concerts Sports Festivals",Handbag,bags,Title,Default Title
busiuw-clear-backpack-for-stadium-events-stadium-approved-clear-backpack-12x12x6-with-front-pocket-for-concert-sport-fashion-women-backpack-events-work-travel,Busiuw Clear Backpack for Stadium Events Stadium Approved Clear Backpack 12x12x6 with Front Pocket for Concert Sport Fashion Women Backpack Events Work Travel,Handbag,bags,Title,Default Title
fammart-mesh-beach-bag-with-zipper-for-women-large-beach-tote-sandproof-toys-pool-swim-bag-travel-vacation-cruise-essentials,"Fammart Mesh Beach Bag with Zipper for Women, Large Beach Tote Sandproof Toys Pool Swim Bag Travel Vacation Cruise Essentials",Handbag,bags,Title,Default Title
feiboon-spacious-checkered-nylon-crossbody-bag-bum-bag-handbags-wallets-for-women,FEIBOON Spacious Checkered Nylon Crossbody Bag Bum Bag Handbags Wallets for Women,Handbag,bags,Title,Default Title
janks-small-crossbody-bag-for-women-mini-phone-purses-with-crossbody-strap-and-wallet-nylon-arm-bag,JANKS Small Crossbody Bag for Women - Mini Phone Purses with Crossbody Strap and Wallet - Nylon Arm Bag,Handbag,bags,Title,Default Title
ginogento-stadium-approved-bags-for-women-shoulder-bags-pvc-purse-concert-bag,"Ginogento Stadium Approved Bags for Women -Shoulder Bags PVC Purse, Concert Bag",Handbag,bags,Title,Default Title
oraben-clear-bag-for-stadium-events-clear-purse-stadium-bag-satchel-handbags-for-sports-events-concerts-festivals-stadium-approved,Oraben Clear Bag for Stadium Events Clear Purse Stadium Bag Satchel Handbags for Sports Events Concerts Festivals | Stadium Approved,Handbag,bags,Title,Default Title
travelambo-rfid-wallet-women-bifold-multi-card-wallet-case-with-zipper-pocke-credit-card-holder-for-women,Travelambo RFID Wallet Women Bifold Multi Card Wallet Case with Zipper Pocke Credit Card Holder for Women,Handbag,bags,Title,Default Title
coowoz-travel-backpack-for-women-men-carry-on-backpack-hiking-backpack-waterproof-outdoor-sports-rucksack-casual-daypack-travel-essentials-olive-green,"coowoz Travel Backpack For Women Men,Carry On Backpack,Hiking Backpack Waterproof Outdoor Sports Rucksack Casual Daypack Travel Essentials(Olive Green)",Handbag,bags,Title,Default Title
aphison-trendy-leather-crossbody-purse-with-adjustable-strap-women-s-shoulder-handbag,"APHISON Trendy Leather Crossbody Purse with Adjustable Strap, Women's Shoulder Handbag",Handbag,bags,Title,Default Title
cluci-clear-bag-for-stadium-events-clear-crossbody-bag-transparent-purses,"CLUCI Clear Bag for Stadium Events, Clear Crossbody Bag, Transparent Purses",Handbag,bags,Title,Default Title
mum-s-memory-mini-zip-around-wristlet-wallets-for-women-keychain-wallet-with-detachable-dual-pouch-wristlet-key-chain-coin-purse-small-wallets,Mum's Memory Mini Zip Around Wristlet Wallets for Women -KeyChain Wallet with Detachable Dual Pouch Wristlet -Key Chain Coin Purse Small Wallets,Handbag,bags,Title,Default Title
lorbro-clear-purse-for-women-stadium-approved-clear-crossbody-bag-with-zipper-closure-transparent-purse-for-concert-sports,"Lorbro Clear Purse for Women Stadium Approved, Clear Crossbody Bag with Zipper Closure, Transparent Purse for Concert Sports",Handbag,bags,Title,Default Title
giancomics-sea-turtle-womens-wallet-rfid-blocking-credit-card-holder-bifold-pu-leather-travel-billfold-long-cute-cash-purse-zipper-coin-pocket-clutch-1-id-window-11-card-slot-ladies-gift-woman,"GIANCOMICS Sea Turtle Womens Wallet RFID Blocking, Credit Card Holder Bifold, PU Leather Travel Billfold, Long Cute Cash Purse, Zipper Coin Pocket Clutch, 1 ID Window, 11 Card Slot, Ladies Gift Woman",Handbag,bags,Title,Default Title
jogjam-black-cat-floral-rfid-women-wallet-small-slim-thin-credit-card-wallet-pu-leather-bifold-cash-zipper-coin-pocket-id-window-for-female-ladies-teen-girls-girly,"Jogjam Black Cat Floral Rfid Women Wallet, Small Slim Thin Credit Card Wallet, PU Leather Bifold Cash Zipper Coin Pocket ID Window for Female Ladies Teen Girls Girly",Handbag,bags,Title,Default Title
kalidi-women-corduroy-tote-bag-zipper-casual-tote-s-handbag-big-capacity-shoulder-bag-with-pockets,KALIDI Women Corduroy Tote Bag Zipper Casual Tote's Handbag Big Capacity Shoulder Bag with Pockets,Handbag,bags,Title,Default Title
cookooky-womens-straw-clutch-bag-bohemian-summer-beach-straw-purse-zipper-wristlet-wallets-for-women,COOKOOKY Womens Straw Clutch Bag Bohemian Summer Beach Straw Purse Zipper Wristlet Wallets for Women,Handbag,bags,Title,Default Title
tobvzoo-clear-bag-stadium-approved-crossbody-transparent-bag-for-concerts-sports-events-purses-for-men-women,"TOBVZOO Clear Bag Stadium Approved, Crossbody Transparent Bag for Concerts Sports Events, Purses for Men & Women",Handbag,bags,Title,Default Title
coach-women-s-plaza-bag-18,Coach Women’s Plaza Bag 18,Handbag,bags,Title,Default Title
ketiee-clear-crossbody-bag-stadium-approved-clear-purse-bag-for-concerts-sports-events-festivals,"KETIEE Clear Crossbody Bag, Stadium Approved Clear Purse Bag for Concerts Sports Events Festivals",Handbag,bags,Title,Default Title
befen-genuine-leather-crossbody-bags-for-women-cell-phone-cross-body-purse-bag-with-rfid-blocking-card-slots,"befen Genuine Leather Crossbody Bags for Women, Cell Phone Cross body Purse Bag with RFID Blocking Card Slots",Handbag,bags,Title,Default Title
vantamo-crescent-bags-for-women-with-rfid-protection-half-moon-clutch-purses-for-women-with-anti-theft-clip-for-extra-safety,"Vantamo Crescent Bags For Women with RFID Protection, Half Moon Clutch Purses for Women with Anti-Theft Clip for Extra Safety",Handbag,bags,Title,Default Title
mexs-small-crossbody-bags-for-women-mini-casual-cross-body-bag-travel-purse-adjustable-strap-shoulder-handbags-wallet,"MEXS Small Crossbody Bags for Women, Mini Casual Cross Body Bag Travel Purse, Adjustable Strap Shoulder Handbags Wallet",Handbag,bags,Title,Default Title
inicat-women-s-small-sling-bag-lightweight-everyday-vegan-leather-crossbody-purse-for-daily-essentials-and-travel-light,"INICAT Women's Small Sling Bag, Lightweight Everyday Vegan Leather Crossbody Purse for Daily Essentials and Travel Light",Handbag,bags,Title,Default Title
latmap-clear-bag-for-stadium-events-clear-purse-for-women-stadium-crossbody-bag-transparent-bag-for-concerts-sports,"LATMAP Clear Bag for Stadium Events, Clear Purse for Women Stadium Crossbody Bag, Transparent Bag for Concerts Sports",Handbag,bags,Title,Default Title
joryin-woven-women-s-crossbody-bag-evening-purse-trendy-dumpling-clutch-hobo-cloud-shoulder-bag-trendy-dumpling-clutch,"Joryin Woven Women's Crossbody Bag & Evening Purse, Trendy Dumpling Clutch & Hobo Cloud Shoulder Bag Trendy Dumpling Clutch",Handbag,bags,Title,Default Title
fodoko-wristlet-wallets-for-women-nylon-quilted-wallet-with-4-zippers-travel-credit-card-holder-cell-phone-organizer,"FODOKO Wristlet wallets for women Nylon Quilted Wallet with 4 Zippers,Travel Credit Card,Holder Cell Phone Organizer",Handbag,bags,Title,Default Title
womens-t-shirts-v-neck-dragonfly-tee-cute-summer-graphic-shirts-vintage-boho-flowers-short-sleeve-t-shirt,Women's T-Shirts V-Neck Dragonfly Tee Cute Summer Graphic Shirts Vintage Boho Flowers Short Sleeve T Shirt,Apparel,clothing,Title,Default Title
anrabess-womens-short-sleeve-henley-tops-v-neck-dressy-casual-blouses-summer-trendy-tee-shirts-2026-vacation-fashion-clothes,ANRABESS Womens Short Sleeve Henley Tops V Neck Dressy Casual Blouses Summer Trendy Tee Shirts 2026 Vacation Fashion Clothes,Apparel,clothing,Title,Default Title
chicme-women-built-in-bra-tank-tops-sleeveless-casual-shirts-racerback-ribbed-fitted-tank-tops,CHICME Women Built-in Bra Tank Tops Sleeveless Casual Shirts Racerback Ribbed Fitted Tank Tops,Apparel,clothing,Title,Default Title
zeagoo-womens-tank-tops-summer-sleeveless-loose-fit-tops-v-neck-pleated-shirts-basic-tees-dressy-casual-trendy-clothes,Zeagoo Womens Tank Tops Summer Sleeveless Loose Fit Tops V Neck Pleated Shirts Basic Tees Dressy Casual Trendy Clothes,Apparel,clothing,Title,Default Title
trendy-queen-womens-strapless-bandeau-crop-top,Trendy Queen Women's Strapless Bandeau Crop Top,Apparel,clothing,Title,Default Title
oversized-tshirts-for-men-short-sleeve-vintage-washed-basic-loose-tees-2026,Oversized Tshirts for Men Short Sleeve Vintage Washed Basic Loose Tees 2026,Apparel,clothing,Title,Default Title
letsjoli-bras-for-women-supportive-wireless-push-up-bra-full-coverage-no-underwire-seamless-plus-size-for-older-women,LetsJoli Bras for Women Supportive Wireless Push Up Bra Full Coverage No Underwire Seamless Plus Size for Older Women,Apparel,clothing,Title,Default Title
oeak-womens-deep-v-bras-wireless-comfortable-bra-supportive-no-underwire-bras-tshirt-push-up-bralettes-plunge-seamless-bra,OEAK Womens Deep V Bras Wireless Comfortable Bra Supportive No Underwire Bras Tshirt Push Up Bralettes Plunge Seamless Bra,Apparel,clothing,Title,Default Title
nippies-nipple-covers-for-women-reusable-sticky-silicone-pasties-with-travel-case-original-circle-or-lift-style-available,Nippies Nipple Covers for Women - Reusable Sticky Silicone Pasties with Travel Case - Original Circle or Lift Style Available,Apparel,clothing,Title,Default Title
sampeel-wide-leg-pants-for-women-flowy-palazzo-drawstring-elastic-waist-trousers-with-pockets-summer-beach-vacation-clothes,Sampeel Wide Leg Pants for Women Flowy Palazzo Drawstring Elastic Waist Trousers with Pockets Summer Beach Vacation Clothes,Apparel,clothing,Title,Default Title
gildan-adult-ultra-cotton-t-shirt-style-g2000-multipack,"Gildan Adult Ultra Cotton T-Shirt, Style G2000, Multipack",Apparel,clothing,Title,Default Title
leafigure-2-pack-womens-biker-shorts-with-pockets-high-waisted-tummy-control-yoga-shorts-for-women-running-gym-and-workout,"Leafigure 2 Pack Womens Biker Shorts with Pockets, High Waisted Tummy Control Yoga Shorts for Women Running Gym and Workout",Apparel,clothing,Title,Default Title
bmjl-women-s-athletic-shorts-high-waisted-running-short-pocket-2-5-sporty-shorts-gym-workout-shorts,"BMJL Women's Athletic Shorts High Waisted Running Short Pocket 2.5"" Sporty Shorts Gym Workout Shorts",Apparel,clothing,Title,Default Title
anrabess-women-athletic-dress-summer-tennis-workout-active-sports-mini-romper-dress-built-in-shorts-travel-vacation-clothes,ANRABESS Women Athletic Dress Summer Tennis Workout Active Sports Mini Romper Dress Built in Shorts Travel Vacation Clothes,Apparel,clothing,Title,Default Title
oeak-womens-wireless-jelly-bra-plus-size-supportive-seamless-bras-full-coverage-push-up-comfortable-no-underwire-tshirt-bras,OEAK Womens Wireless Jelly Bra Plus Size Supportive Seamless Bras Full Coverage Push Up Comfortable No Underwire Tshirt Bras,Apparel,clothing,Title,Default Title
letsjoli-push-up-strapless-bras-for-women-supportive-bandeau-bra-non-slip-wireless-no-underwire-padded-tube-bra,LetsJoli Push Up Strapless Bras for Women Supportive Bandeau Bra Non Slip Wireless No Underwire Padded Tube Bra,Apparel,clothing,Title,Default Title
cocomarts-jelly-bras-for-women-no-underwire-scalloped-push-up-wireless-bralettes-seamless-soft-comfort-everyday-tshirt-bra,COCOMARTS Jelly Bras for Women No Underwire Scalloped Push Up Wireless Bralettes Seamless Soft Comfort Everyday Tshirt Bra,Apparel,clothing,Title,Default Title
hanes-women-s-underwear-pack-10-pack-full-coverage-cotton-blend-panties-moisture-wicking-underwear-for-women,"Hanes Women's Underwear Pack, 10-Pack, Full-Coverage Cotton Blend Panties, Moisture-Wicking Underwear for Women",Apparel,clothing,Title,Default Title
holipick-women-tummy-control-one-piece-swimsuit-push-up-bathing-suit-full-coverage-slimming-swimwear,Holipick Women Tummy Control One Piece Swimsuit - Push Up Bathing Suit Full Coverage Slimming Swimwear,Apparel,clothing,Title,Default Title
shapermint-strapless-bra-wireless-non-slip-bandeau-convertible-straps-molded-strapless-bras-for-women-s-to-large-breasts,"SHAPERMINT Strapless Bra, Wireless Non-Slip Bandeau, Convertible Straps, Molded Strapless Bras for Women S to Large Breasts",Apparel,clothing,Title,Default Title
women-s-sun-shirts-upf-50-long-sleeve-uv-protection-shirt-lightweight-quick-dry-workout-hiking-tops-for-women,Women's Sun Shirts UPF 50+ Long Sleeve UV Protection Shirt Lightweight Quick Dry Workout Hiking Tops for Women,Apparel,clothing,Title,Default Title
anrabess-boxer-shorts-for-women-gingham-pajama-2026-summer-casual-lounge-sleep-plaid-shorts-y2k-beach-bottoms,ANRABESS Boxer Shorts for Women Gingham Pajama 2026 Summer Casual Lounge Sleep Plaid Shorts Y2K Beach Bottoms,Apparel,clothing,Title,Default Title
automet-womens-square-neck-tank-tops-loose-fit-2026-summer-tops-clothes-fashion,AUTOMET Womens Square Neck Tank Tops Loose Fit 2026 Summer Tops Clothes Fashion,Apparel,clothing,Title,Default Title
levi-s-women-s-501-original-shorts-also-available-in-plus,Levi's Women's 501 Original Shorts (Also Available in Plus),Apparel,clothing,Title,Default Title
summer-mae-blouson-tankini-swimsuits-for-women-2026-tummy-control-two-piece-bathing-suits-with-sporty-pockets-swim-shorts,Summer Mae Blouson Tankini Swimsuits for Women 2026 Tummy Control Two Piece Bathing Suits with Sporty Pockets Swim Shorts,Apparel,clothing,Title,Default Title
sinophant-high-waisted-leggings-for-women-full-length-capri-buttery-soft-yoga-pants-for-workout-athletic,SINOPHANT High Waisted Leggings for Women - Full Length Capri Buttery Soft Yoga Pants for Workout Athletic,Apparel,clothing,Title,Default Title
women-s-sexy-american-flag-crop-tank-4th-of-july-patriotic-sleeveless-tee-tops,Women's Sexy American Flag Crop Tank 4th of July Patriotic Sleeveless Tee Tops,Apparel,clothing,Title,Default Title
anrabess-womens-sleeveless-high-neck-tank-tops-fashion-summer-casual-basic-slim-fit-ribbed-racerback-top-shirt-clothes,ANRABESS Womens Sleeveless High Neck Tank Tops Fashion Summer Casual Basic Slim Fit Ribbed Racerback Top Shirt Clothes,Apparel,clothing,Title,Default Title
vertvie-jelly-bras-for-women-plus-size-minimizer-soft-wireless-push-up-bra-full-supportive-older-lift-back-coverage-bralette,Vertvie Jelly Bras for Women Plus Size Minimizer Soft Wireless Push Up Bra Full Supportive Older Lift Back Coverage Bralette,Apparel,clothing,Title,Default Title
molasus-women-s-cotton-underwear-high-waisted-full-coverage-ladies-panties-regular-plus-size,Molasus Women's Cotton Underwear High Waisted Full Coverage Ladies Panties (Regular & Plus Size),Apparel,clothing,Title,Default Title
fitrell-3-pairs-compression-socks-for-women-and-men-20-30mmhg-circulation-support-socks,FITRELL 3 Pairs Compression Socks for Women and Men 20-30mmHg-Circulation Support Socks,Apparel,clothing,Title,Default Title
anrabess-womens-sleeveless-scoop-neck-tank-top-ribbed-fitted-summer-basic-slim-cute-tops-2026,ANRABESS Womens Sleeveless Scoop Neck Tank Top Ribbed Fitted Summer Basic Slim Cute Tops 2026,Apparel,clothing,Title,Default Title
zeagoo-womens-tops-short-sleeve-v-neck-tee-shirts-cute-dressy-casual-clothing-business-work-blouse,Zeagoo Womens Tops Short Sleeve V Neck Tee Shirts Cute Dressy Casual Clothing Business Work Blouse,Apparel,clothing,Title,Default Title
voenxe-seamless-women-underwear-thongs-no-show-ladies-thong-no-line-workout-breathable-comfortable-panties-soft-undies-5-pack,"voenxe Seamless Women Underwear Thongs,No Show Ladies Thong,No Line Workout Breathable Comfortable Panties,Soft Undies,5-Pack",Apparel,clothing,Title,Default Title
anrabess-tank-tops-for-women-v-neck-ribbed-knit-slim-fitted-sleeveless-basic-tee-tanks-casual-summer-clothes-2026,ANRABESS Tank Tops for Women V Neck Ribbed Knit Slim Fitted Sleeveless Basic Tee Tanks Casual Summer Clothes 2026,Apparel,clothing,Title,Default Title
wiholl-summer-dresses-for-women-flowy-casual-midi-dress-beach-vacation-sundresses-with-pockets,WIHOLL Summer Dresses for Women Flowy Casual Midi Dress Beach Vacation Sundresses with Pockets,Apparel,clothing,Title,Default Title
niidor-adhesive-bra-strapless-ultra-sticky-invisible-push-up-silicone-bra-multiple-colors-sizes-reusable-for-backless-dress,Niidor Adhesive Bra Strapless Ultra Sticky Invisible Push up Silicone Bra Multiple Colors Sizes Reusable for Backless Dress,Apparel,clothing,Title,Default Title
amazon-essentials-women-s-cotton-spandex-bikini-brief-underwear-available-in-plus-size-pack-of-6,"Amazon Essentials Women's Cotton Spandex Bikini Brief Underwear (Available in Plus Size), Pack of 6",Apparel,clothing,Title,Default Title
herseas-women-s-tie-shoulder-bikini-sets-2-piece-striped-swimsuits-high-waisted-bathing-suits,Herseas Women's Tie Shoulder Bikini Sets 2 Piece Striped Swimsuits High Waisted Bathing Suits,Apparel,clothing,Title,Default Title
baleaf-women-s-8-5-3-biker-shorts-high-waist-yoga-workout-gym-running-volleyball-spandex-shorts-with-pockets,"baleaf Women's 8""/ 5""/ 3"" Biker Shorts High Waist Yoga Workout Gym Running Volleyball Spandex Shorts with Pockets",Apparel,clothing,Title,Default Title
sinophant-high-waisted-leggings-with-pockets-women-full-length-capri-buttery-soft-stretchy-yoga-pants,"SINOPHANT High Waisted Leggings with Pockets Women, Full Length Capri Buttery Soft Stretchy Yoga Pants",Apparel,clothing,Title,Default Title
holipick-3-piece-tankini-swimsuits-for-women-tummy-control-bathing-suits-swim-tank-top-with-bra-boy-shorts-teen-swimwear-2026,Holipick 3 Piece Tankini Swimsuits for Women Tummy Control Bathing Suits Swim Tank Top with Bra Boy Shorts Teen Swimwear 2026,Apparel,clothing,Title,Default Title
campsnail-biker-shorts-women-with-pockets-3-5-8-high-waisted-workout-spandex-tummy-control-gym-running-yoga-shorts,"CAMPSNAIL Biker Shorts Women with Pockets - 3""/5""/8"" High Waisted Workout Spandex Tummy Control Gym Running Yoga Shorts",Apparel,clothing,Title,Default Title
magcomsen-women-s-long-sleeve-shirts-upf-50-sun-protection-shirts-for-hiking-fishing-workout-rash-guard,MAGCOMSEN Women's Long Sleeve Shirts UPF 50+ Sun Protection Shirts for Hiking Fishing Workout Rash Guard,Apparel,clothing,Title,Default Title
lentta-womens-athletic-sleeveless-mini-dress-with-built-in-shorts-v-neck-spaghetti-strap-sundress,Lentta Womens Athletic Sleeveless Mini Dress with Built-in Shorts V Neck Spaghetti Strap Sundress,Apparel,clothing,Title,Default Title
eomenie-women-s-one-piece-swimsuits-tummy-control-cutout-high-waisted-bathing-suit-wrap-tie-back-1-piece-swimsuit,Eomenie Women's One Piece Swimsuits Tummy Control Cutout High Waisted Bathing Suit Wrap Tie Back 1 Piece Swimsuit,Apparel,clothing,Title,Default Title
danysu-v-neck-cotton-tank-tops-with-built-in-shelf-bra-sleeveless-racerback-fitted-basic-cami-shirts,Danysu V Neck Cotton Tank Tops with Built-in Shelf Bra Sleeveless Racerback Fitted Basic Cami Shirts,Apparel,clothing,Title,Default Title
wiholl-womens-summer-t-shirts-short-sleeve-v-neck-dolman-tops-with-side-shirring-loose-fit-shirts-spring-fashion,WIHOLL Womens Summer T-Shirts Short Sleeve V Neck Dolman Tops with Side Shirring Loose Fit Shirts Spring Fashion,Apparel,clothing,Title,Default Title
boho-floral-racerback-tank-tops-for-women-american-flag-shirt-summer-sleeveless-graphic-tanks-vest-cute-mama-tank-cami,Boho Floral Racerback Tank Tops for Women American Flag Shirt Summer Sleeveless Graphic Tanks Vest Cute Mama Tank Cami,Apparel,clothing,Title,Default Title
shapermint-shapewear-for-women-high-waisted-shapewear-tummy-control-shorts-thigh-slimmer-underwear-for-women,"SHAPERMINT Shapewear for Women - High-Waisted Shapewear Tummy Control Shorts, Thigh Slimmer, Underwear for Women",Apparel,clothing,Title,Default Title
eomenie-one-piece-swimdress-swimsuits-for-women-tummy-control-swim-dresses-skirt-bathing-suit,Eomenie One Piece Swimdress Swimsuits for Women Tummy Control Swim Dresses Skirt Bathing Suit,Apparel,clothing,Title,Default Title
blooming-jelly-women-one-piece-swim-dress-tummy-control-swimsuits-slimming-mesh-sheer-sarong-wraps-bathing-suit,Blooming Jelly Women One Piece Swim Dress Tummy Control Swimsuits Slimming Mesh Sheer Sarong Wraps Bathing Suit,Apparel,clothing,Title,Default Title
yeoreo-ease-workout-leggings-womens-no-front-seam-straight-leggings-29-31-5-33-35-high-waist-buttery-eddiy-yoga-pants,"YEOREO Ease Workout Leggings Womens No Front Seam Straight Leggings 29""/ 31.5""/ 33""/ 35"" High Waist Buttery Eddiy Yoga Pants",Apparel,clothing,Title,Default Title
trendy-queen-women-s-strapless-bandeau-crop-top,Trendy Queen Women's Strapless Bandeau Crop Top,Apparel,clothing,Title,Default Title
danysu-v-neck-racer-back-tank-top-for-women-padded-ribbed-long-tank-fitted-basic-cami-tops,Danysu V Neck Racer Back Tank Top for Women Padded Ribbed Long Tank Fitted Basic Cami Tops,Apparel,clothing,Title,Default Title
women-s-t-shirts-v-neck-dragonfly-tee-cute-summer-graphic-shirts-vintage-boho-flowers-short-sleeve-t-shirt,Women's T-Shirts V-Neck Dragonfly Tee Cute Summer Graphic Shirts Vintage Boho Flowers Short Sleeve T Shirt,Apparel,clothing,Title,Default Title
ekouaer-pajama-set-for-women-2-piece-lounge-set-short-sleeve-tops-and-shorts-soft-sleepwear-chest-pocket,"Ekouaer Pajama Set for Women 2 Piece Lounge Set Short Sleeve Tops and Shorts Soft Sleepwear, Chest Pocket",Apparel,clothing,Title,Default Title
anrabess-womens-wide-leg-palazzo-pants-with-pockets-lightweight-breathable-high-waisted-pants-beach-vacation-flowy-lounge-casual-summer-trousers,"ANRABESS Womens Wide Leg Palazzo Pants with Pockets | Lightweight Breathable High Waisted Pants, Beach Vacation Flowy, Lounge & Casual Summer Trousers",Apparel,clothing,Title,Default Title
hanes-women-s-pajamas-set-comfywear-pajamas-for-women-set-originals-supertsoft-loungewear-t-shirt-sleep-shorts,"Hanes Women's Pajamas Set, Comfywear Pajamas for Women Set, Originals SupertSoft Loungewear, T-Shirt & Sleep Shorts",Apparel,clothing,Title,Default Title
playtex-women-s-wireless-bra-18-hour-plus-size-bras-available-full-coverage-smoothing-4693-single-or-2-pack,"Playtex Women's Wireless Bra, 18 Hour Plus-Size Bras Available, Full Coverage, Smoothing, 4693, Single or 2-Pack",Apparel,clothing,Title,Default Title
cicy-bell-womens-summer-v-neck-t-shirts-casual-short-sleeve-flowy-tops-cute-loose-fit-basic-tees,Cicy Bell Womens Summer V Neck T Shirts Casual Short Sleeve Flowy Tops Cute Loose Fit Basic Tees,Apparel,clothing,Title,Default Title
hanes-mens-underwear-boxer-briefs-pack-cool-breathable-cotton-moisture-wicking-underwear-for-men-no-ride-up,"Hanes mens Underwear Boxer Briefs Pack, Cool & Breathable Cotton Moisture-wicking Underwear for Men, No Ride Up",Apparel,clothing,Title,Default Title
gildan-men-s-crew-t-shirts-multipack-style-g1100,"Gildan Men's Crew T-Shirts, Multipack, Style G1100",Apparel,clothing,Title,Default Title
hanes-men-s-undershirt-packs-stay-tucked-soft-cotton-undershirts-best-undershirts-for-men-white-black-asstd-multipacks,"Hanes Men's Undershirt Packs, Stay-Tucked Soft Cotton Undershirts, Best Undershirts for Men, White/Black/Asstd Multipacks",Apparel,clothing,Title,Default Title
lee-men-s-extreme-motion-crossroad-cargo-short,Lee Men's Extreme Motion Crossroad Cargo Short,Apparel,clothing,Title,Default Title
coofandy-men-s-linen-shirts-short-sleeve-casual-shirts-button-down-shirt-for-men-beach-summer-wedding-shirt,COOFANDY Men's Linen Shirts Short Sleeve Casual Shirts Button Down Shirt for Men Beach Summer Wedding Shirt,Apparel,clothing,Title,Default Title
balennz-athletic-shorts-for-men-with-pockets-and-elastic-waistband-quick-dry-activewear,BALENNZ Athletic Shorts for Men with Pockets and Elastic Waistband Quick Dry Activewear,Apparel,clothing,Title,Default Title
comfort-colors-adult-heavyweight-short-sleeve-tee-style-g1717-g1745-multipack,"Comfort Colors Adult Heavyweight Short Sleeve Tee, Style G1717/G1745, Multipack",Apparel,clothing,Title,Default Title
dickies-men-s-dri-tech-original-moisture-control-crew-socks-available-in-m-xxl-6-12-18-pairs,"Dickies Men's Dri-tech Original Moisture Control Crew Socks, Available in M-xxl (6, 12, 18 Pairs)",Apparel,clothing,Title,Default Title
roxun-arm-sleeves-cooling-uv-sun-protection-sports-compression-for-men-women,"ROXUN Arm Sleeves, Cooling UV Sun Protection Sports Compression for Men/Women",Apparel,clothing,Title,Default Title
fruit-of-the-loom-men-s-sleeveless-tag-free-moisture-wicking-tank-a-shirt,Fruit of the Loom Men's Sleeveless Tag Free Moisture Wicking Tank A-Shirt,Apparel,clothing,Title,Default Title
fruit-of-the-loom-men-s-crew-tee-undershirts-moisture-wicking-tag-free-also-available-in-big-tall,"Fruit of The Loom Men's Crew Tee Undershirts, Moisture Wicking & Tag Free, Also Available in Big & Tall",Apparel,clothing,Title,Default Title
maamgic-2-in-1-mens-swim-trunks-7-inch-swim-shorts-swim-suits-board-shorts,maamgic 2 in 1 Mens Swim Trunks 7 Inch Swim Shorts Swim Suits Board Shorts,Apparel,clothing,Title,Default Title
ny-threads-men-s-athletic-shorts-quick-dry-loose-fit-lightweight-running-workout-gym-shorts-with-pockets,NY Threads Men's Athletic Shorts Quick Dry Loose-Fit Lightweight Running Workout Gym Shorts with Pockets,Apparel,clothing,Title,Default Title
hanes-men-s-zip-up-hoodie-ecosmart-fleece-full-zip-hoodie-for-men-hooded-sweatshirt,"Hanes Men's Zip-up Hoodie, Ecosmart Fleece Full-zip Hoodie for Men, Hooded Sweatshirt",Apparel,clothing,Title,Default Title
northyard-men-s-athletic-running-shorts-gym-workout-7-9-5-quick-dry-lightweight-sports-basketball-tennis-3-zipper-pockets,"NORTHYARD Men's Athletic Running Shorts Gym Workout 7""/9""/5"" Quick Dry Lightweight Sports Basketball Tennis 3 Zipper Pockets",Apparel,clothing,Title,Default Title
under-armour-men-s-tech-golf-polo,Under Armour Men's Tech Golf Polo,Apparel,clothing,Title,Default Title
gildan-adult-heavy-cotton-t-shirt-style-g5000,"Gildan Adult Heavy Cotton T-Shirt, Style G5000",Apparel,clothing,Title,Default Title
bamboo-cool-men-s-ultra-breathable-underwear-no-riding-up-boxer-briefs-with-comfortflexible-waistband-multipack,"BAMBOO COOL Men's Ultra Breathable Underwear,No Riding Up Boxer Briefs with ComfortFlexible Waistband,Multipack",Apparel,clothing,Title,Default Title
under-armour-men-s-tech-2-0-short-sleeve-t-shirt,Under Armour Men's Tech 2.0 Short-Sleeve T-Shirt,Apparel,clothing,Title,Default Title
hanes-men-s-tank-undershirt-pack-cotton-tank-undershirt-moisture-wicking-breathable-white-or-grey-black-multi-pack,"Hanes Men's Tank Undershirt Pack, Cotton Tank Undershirt, Moisture-Wicking, Breathable, White or Grey/Black, Multi-Pack",Apparel,clothing,Title,Default Title
roadbox-upf-50-fishing-shirts-for-men-long-sleeve-uv-sun-protection-hoodie-outdoor-hiking-running-swimming-rash-guard,"Roadbox UPF 50+ Fishing Shirts for Men, Long Sleeve UV Sun Protection Hoodie, Outdoor Hiking Running Swimming Rash Guard",Apparel,clothing,Title,Default Title
wrangler-authentics-men-s-relaxed-fit-stretch-cargo-pant,Wrangler Authentics Men's Relaxed Fit Stretch Cargo Pant,Apparel,clothing,Title,Default Title
ft-fenteng-mens-swim-trunks-quick-dry-board-shorts-with-mesh-liner-breathable-big-tall-beach-shorts-swimwear-bathing-suits,"FT FENTENG Mens Swim Trunks Quick Dry Board Shorts with Mesh Liner, Breathable Big & Tall Beach Shorts Swimwear Bathing Suits",Apparel,clothing,Title,Default Title
levi-s-men-s-505-regular-fit-jeans-also-available-in-big-tall,Levi's Men's 505 Regular Fit Jeans (Also Available in Big & Tall),Apparel,clothing,Title,Default Title
gildan-men-s-a-shirts-tanks-multipack,Gildan Men's A-Shirts Tanks Multipack,Apparel,clothing,Title,Default Title
fruit-of-the-loom-men-s-underwear-briefs-tag-free-moisture-wicking,"Fruit of the Loom Men's Underwear Briefs, Tag Free & Moisture Wicking",Apparel,clothing,Title,Default Title
hanes-men-s-underwear-boxers-pack-cool-breathable-cotton-underwear-moisture-wicking-boxers-for-men,"Hanes Men's Underwear Boxers Pack, Cool & Breathable Cotton Underwear, Moisture-Wicking Boxers for Men",Apparel,clothing,Title,Default Title
hanes-men-s-hoodie-ecosmart-fleece-hooded-sweatshirt-for-men-women-midweight-fleece-big-tall-available,Hanes Men's Hoodie - EcoSmart Fleece Hooded Sweatshirt for Men & Women - Midweight Fleece - Big & Tall Available,Apparel,clothing,Title,Default Title
amazon-essentials-men-s-lightweight-breathable-cotton-slim-fit-tank-undershirts-pack-of-6,"Amazon Essentials Men's Lightweight Breathable Cotton Slim Fit Tank Undershirts, Pack of 6",Apparel,clothing,Title,Default Title
comdecevis-men-s-linen-shorts-casual-elastic-waist-drawstring-summer-beach-vacation-yoga-golf-shorts-with-pockets,Comdecevis Men's Linen Shorts Casual Elastic Waist Drawstring Summer Beach Vacation Yoga Golf Shorts with Pockets,Apparel,clothing,Title,Default Title
lee-men-s-big-tall-extreme-motion-flat-front-short,Lee Men’s Big & Tall Extreme Motion Flat Front Short,Apparel,clothing,Title,Default Title
hanes-men-s-t-shirt-pack-4-pack-essential-t-crewneck-cotton-t-shirts-everyday-men-s-tees-big-tall-available,Hanes Men's T-Shirt Pack - 4-Pack - Essential-T Crewneck Cotton T-Shirts - Everyday Men's Tees - Big & Tall Available,Apparel,clothing,Title,Default Title
5-pack-men-s-active-quick-dry-crew-neck-t-shirts-athletic-running-gym-workout-short-sleeve-tee-tops-bulk,5 Pack Men’s Active Quick Dry Crew Neck T Shirts | Athletic Running Gym Workout Short Sleeve Tee Tops Bulk,Apparel,clothing,Title,Default Title
magcomsen-men-s-long-sleeve-shirts-upf-50-uv-sun-protection-athletic-shirts-for-hiking-running-workout-rash-guard,MAGCOMSEN Men's Long Sleeve Shirts UPF 50+ UV Sun Protection Athletic Shirts for Hiking Running Workout Rash Guard,Apparel,clothing,Title,Default Title
maamgic-mens-swim-trunks-quick-dry-swim-shorts-with-mesh-lining-funny-swimwear-bathing-suits-7inch,maamgic Mens Swim Trunks Quick Dry Swim Shorts with Mesh Lining Funny Swimwear Bathing Suits 7inch,Apparel,clothing,Title,Default Title
hanes-mens-underwear-boxers-pack-cool-and-breathable-cotton-underwear-exposed-and-comfortflex-waistbands-multi-pack,"Hanes mens Underwear Boxers Pack, Cool and Breathable Cotton Underwear, Exposed and Comfortflex Waistbands, Multi-pack",Apparel,clothing,Title,Default Title
heralady-4th-of-july-shirts-mens-muscle-tank-top-1776-sleeveless-graphic-gym-workout-american-flag-shirt,Heralady 4th of July Shirts Mens Muscle Tank Top 1776 Sleeveless Graphic Gym Workout American Flag Shirt,Apparel,clothing,Title,Default Title
men-s-dungarees-new-belted-wyoming-cargo-short,Men's Dungarees New Belted Wyoming Cargo Short,Apparel,clothing,Title,Default Title
hanes-men-s-shorts-essentials-short-with-pockets-gym-shorts-for-men-men-s-athletic-shorts-7-5,"Hanes Men's Shorts, Essentials Short with Pockets, Gym Shorts for Men, Men's Athletic Shorts, 7.5""",Apparel,clothing,Title,Default Title
rustler-men-s-classic-relaxed-fit,Rustler Men's Classic Relaxed Fit,Apparel,clothing,Title,Default Title
libin-mens-golf-pants-stretch-work-dress-pants-30-32-34-quick-dry-lightweight-casual-comfy-trousers-with-pockets,"Libin Mens Golf Pants Stretch Work Dress Pants 30""/32""/34"" Quick Dry Lightweight Casual Comfy Trousers with Pockets",Apparel,clothing,Title,Default Title
under-armour-men-s-tech-graphic-10-shorts,"Under Armour Men's Tech Graphic 10"" Shorts",Apparel,clothing,Title,Default Title
bamboo-cool-men-s-ultra-comfortsoft-underwear-moisture-wicking-breathable-no-ride-up-boxer-briefs-with-fly-multipack,"BAMBOO COOL Men's Ultra ComfortSoft Underwear, Moisture Wicking & Breathable No Ride Up Boxer Briefs with Fly, Multipack",Apparel,clothing,Title,Default Title
bamboo-cool-men-s-crew-socks-athletic-running-sports-socks-cushioned-moisture-wicking-breathable-arch-support-6-pack,"BAMBOO COOL Men's Crew Socks Athletic Running Sports Socks, Cushioned Moisture Wicking, Breathable Arch Support 6 Pack",Apparel,clothing,Title,Default Title
g-gradual-men-s-athletic-workout-t-shirts-moisture-wicking-cooling-running-shirts-short-sleeve-performance-tee-for-gym-tennis,G Gradual Men's Athletic Workout T-Shirts Moisture Wicking Cooling Running Shirts Short Sleeve Performance Tee for Gym Tennis,Apparel,clothing,Title,Default Title
musesox-compression-socks-for-women-and-men-knee-high-15-20mmhg-graduated-support-3-pairs-best-for-nurses-pregnant-travel,"musesox Compression Socks for Women and Men,Knee High 15-20mmHg Graduated Support(3 Pairs) Best for Nurses,Pregnant,Travel",Apparel,clothing,Title,Default Title
gildan-men-s-v-neck-t-shirts-multipack-style-g1103,"Gildan Men's V-Neck T-Shirts, Multipack, Style G1103",Apparel,clothing,Title,Default Title
under-armour-men-s-sportstyle-left-chest-logo-short-sleeve-t-shirt,Under Armour Men's Sportstyle Left Chest Logo Short-Sleeve T-Shirt,Apparel,clothing,Title,Default Title
dickies-men-s-dri-tech-moisture-control-quarter-socks-available-in-m-xxl-6-12-18-pairs,"Dickies Men's Dri-Tech Moisture Control Quarter Socks, Available in M-XXL (6, 12, 18 Pairs)",Apparel,clothing,Title,Default Title
adidas-men-s-athletic-cushioned-crew-socks-6-pairs-durable-comfortable,adidas Men's Athletic Cushioned Crew Socks (6 Pairs) Durable & Comfortable,Apparel,clothing,Title,Default Title
amazon-essentials-men-s-regular-fit-sleeveless-tank-tops,Amazon Essentials Men's Regular-Fit Sleeveless Tank Tops,Apparel,clothing,Title,Default Title
wrangler-authentics-men-s-comfort-flex-waist-relaxed-fit-jean,Wrangler Authentics Men's Comfort Flex Waist Relaxed Fit Jean,Apparel,clothing,Title,Default Title
soothfeel-men-s-running-shorts-with-zipper-pockets-9-7-5-quick-dry-eight-basketball-gym-workout-athletic-shorts,"Soothfeel Men's Running Shorts with Zipper Pockets 9""/ 7""/ 5"" Quick Dry Eight Basketball Gym Workout Athletic Shorts",Apparel,clothing,Title,Default Title
snug-leaves-womens-fuzzy-scuff-slippers-soft-comfy-memory-foam-non-slip-indoor-house-shoes,Snug Leaves Women's Fuzzy Scuff Slippers Soft Comfy Memory Foam Non-slip Indoor House Shoes,Shoes,shoes,Title,Default Title
project-cloud-100-genuine-leather-flat-sandals-for-women-2026-cork-footbed-womens-sandals-with-memory-foam-and-arch-support-vacation-essentials-slides-for-women-footwear-venita,Project Cloud 100% Genuine Leather Flat Sandals For Women 2026 Cork Footbed Womens Sandals with Memory Foam and arch support Vacation Essentials Slides for Women Footwear (Venita),Shoes,shoes,Title,Default Title
goosecret-womens-comfortable-arch-support-walking-platform-sandals-lightweight-chunky-slip-on-foam-slides-with-adjustable-buckle-sandals-for-beach-and-daily-wear,"Goosecret Women's Comfortable Arch Support Walking Platform Sandals | Lightweight Chunky Slip-On Foam Slides with Adjustable Buckle, Sandals for Beach and Daily Wear",Shoes,shoes,Title,Default Title
project-cloud-100-genuine-leather-sandals-women-dressy-beach-essentials-slides-for-women-footwear-lightweight-with-memory-foam-insole-sandals-for-women-2026-womens-slides,Project Cloud 100% Genuine Leather Sandals Women Dressy Beach Essentials Slides for Women Footwear - Lightweight with Memory Foam Insole Sandals for Women 2026 - Womens Slides,Shoes,shoes,Title,Default Title
project-cloud-100-genuine-leather-flat-sandals-for-women-2026-comfortable-beach-essentials-womens-sandals-memory-foam-vacation-essentials-slides-for-women-footwear-santorini,Project Cloud 100% Genuine Leather Flat Sandals for Women 2026 Comfortable Beach Essentials Womens Sandals Memory Foam Vacation Essentials Slides for Women Footwear (Santorini),Shoes,shoes,Title,Default Title
mazeskin-womens-memory-foam-comfortable-flat-thong-sandals-dressy-summer-beach-leather-slide-flip-flops,mazeskin Women's Memory Foam Comfortable Flat Thong Sandals Dressy Summer Beach Leather Slide Flip Flops,Shoes,shoes,Title,Default Title
mazeskin-womens-flip-flops-vegan-leather-memory-foam-square-toe-flat-sandals-summer-beach-slides,mazeskin Womens Flip Flops Vegan Leather Memory Foam Square Toe Flat Sandals Summer Beach Slides,Shoes,shoes,Title,Default Title
water-shoes-for-women-men-quick-dry-aqua-socks-swim-beach-outfits-barefoot-yoga-exercise-wear-sport-accessories-pool-camping-must-haves-river-hiking-adult-youth-size,Water Shoes for Women Men Quick-Dry Aqua Socks Swim Beach Outfits Barefoot Yoga Exercise Wear Sport Accessories Pool Camping Must Haves River Hiking Adult Youth Size,Shoes,shoes,Title,Default Title
seekway-water-shoes-men-women-adult-quick-dry-aqua-sock-barefoot-for-beach-swim-river-pool-lake-hiking-kayaking-surfing,SEEKWAY Water Shoes Men Women Adult Quick-Dry Aqua Sock Barefoot for Beach Swim River Pool Lake Hiking Kayaking Surfing,Shoes,shoes,Title,Default Title
kuailu-flip-flops-for-women-with-arch-support-yoga-mat-comfortable-summer-beach-walking-thong-cushion-sandals-slip-on-indoor-outdoor,KuaiLu Flip Flops for Women with Arch Support Yoga Mat Comfortable Summer Beach Walking Thong Cushion Sandals Slip On Indoor Outdoor,Shoes,shoes,Title,Default Title
archies-arch-support-flip-flops-for-men-women-orthotic-sandals-for-plantar-fasciitis-relief-lightweight-cushioning-shock-absorbing-thong-sandals-for-walking-foot-pain-all-day-comfort,"Archies Arch Support Flip Flops for Men & Women – Orthotic Sandals for Plantar Fasciitis Relief – Lightweight, Cushioning, Shock-Absorbing Thong Sandals for Walking, Foot Pain & All-Day Comfort",Shoes,shoes,Title,Default Title
crocs-unisex-adult-classic-clog-clogs-for-women-and-men,"Crocs Unisex-Adult Classic Clog, Clogs for Women and Men",Shoes,shoes,Title,Default Title
project-cloud-flip-flops-for-women-footwear-lightweight-and-memory-foam-insole-sandals-for-women-2026-durable-non-slip-beach-essentials-flats-for-women-sandals-foundations,Project Cloud Flip Flops for Women Footwear- Lightweight and Memory Foam Insole Sandals for Women 2026 - Durable Non-Slip Beach Essentials Flats for Women Sandals (Foundations),Shoes,shoes,Title,Default Title
mazeskin-women-s-memory-foam-comfortable-flat-thong-sandals-dressy-summer-beach-leather-slide-flip-flops,mazeskin Women's Memory Foam Comfortable Flat Thong Sandals Dressy Summer Beach Leather Slide Flip Flops,Shoes,shoes,Title,Default Title
bronax-pillow-slippers-for-women-and-men-house-slides-shower-sandals-cushioned-thick-sole,BRONAX Pillow Slippers for Women and Men | House Slides Shower Sandals | Cushioned Thick Sole,Shoes,shoes,Title,Default Title
seekway-water-shoes-women-men-adult-quick-dry-aqua-socks-barefoot-non-slip-for-beach-swim-river-pool-lake-surf-black-sk002-u,SEEKWAY Water Shoes Women Men Adult Quick-Dry Aqua Socks Barefoot Non Slip for Beach Swim River Pool Lake surf Black SK002(U),Shoes,shoes,Title,Default Title
cushionaire-lane-cork-footbed-womens-sandals-comfortable-double-buckle-slip-on-sandals-for-women-with-arch-support-and-classic-two-strap-design,CUSHIONAIRE Lane Cork Footbed Womens Sandals Comfortable Double Buckle Slip On Sandals for Women with Arch Support and Classic Two Strap Design,Shoes,shoes,Title,Default Title
cushionaire-siesta-modern-lattice-ballet-flats-for-women-comfortable-slip-on-pointed-toe-womens-jelly-shoes,"CUSHIONAIRE Siesta Modern Lattice Ballet Flats for Women, Comfortable Slip On Pointed Toe Womens Jelly Shoes",Shoes,shoes,Title,Default Title
cushionaire-pool-slides-for-women-water-resistant-double-buckle-adjustable-slip-on-womens-sandals-for-beach-shower-casual-wear,CUSHIONAIRE Pool Slides for Women Water Resistant Double Buckle Adjustable Slip-On Womens Sandals for Beach Shower Casual Wear,Shoes,shoes,Title,Default Title
water-shoes-mens-women-barefoot-shoes-quick-dry-aqua-outdoor-sports-for-swim-pool-beach-surf-walk-water-yoga-river-lake-hiking-kayaking,Water Shoes Mens Women Barefoot Shoes Quick Dry Aqua Outdoor Sports for Swim Pool Beach Surf Walk Water Yoga River Lake Hiking Kayaking,Shoes,shoes,Title,Default Title
vifuur-water-sports-shoes-barefoot-quick-dry-aqua-yoga-socks-slip-on-for-men-women,VIFUUR Water Sports Shoes Barefoot Quick-Dry Aqua Yoga Socks Slip-on for Men Women,Shoes,shoes,Title,Default Title
clarks-women-s-breeze-sea-flip-flop,Clarks Women's Breeze Sea Flip-Flop,Shoes,shoes,Title,Default Title
everfoams-womens-fuzzy-open-toe-slippers-soft-comfy-memory-foam-indoor-house-shoes,EverFoams Womens Fuzzy Open-toe Slippers Soft Comfy Memory Foam Indoor House Shoes,Shoes,shoes,Title,Default Title
odoly-unisex-cork-footbed-slide-sandal-arch-support-summer-outdoor-sandals-with-adjustable-buckle-for-women-and-men,"ODOLY Unisex Cork Footbed Slide Sandal, Arch Support Summer Outdoor Sandals with Adjustable Buckle for Women and Men",Shoes,shoes,Title,Default Title
cushionaire-luna-sandals-for-women-cork-footbed-womens-sandals-for-summer-comfort-with-adjustable-straps-wide-width-available,"CUSHIONAIRE Luna Sandals for Women, Cork Footbed Womens Sandals for Summer Comfort with Adjustable Straps, Wide Width Available",Shoes,shoes,Title,Default Title
whitin-slippers-for-women-non-slip-cushioned-thick-sole-slides-quick-drying-bathroom-sandals,WHITIN Slippers for Women Non Slip | Cushioned Thick Sole Slides | Quick Drying Bathroom Sandals,Shoes,shoes,Title,Default Title
oofos-ooahh-recovery-slide-women-s-and-men-s,OOFOS OOahh Recovery Slide - Women’s and Men’s,Shoes,shoes,Title,Default Title
shevalues-slim-flip-flops-for-women-beach-rubber-shower-shoes-basic-thong-sandals,shevalues Slim Flip Flops for Women Beach Rubber Shower Shoes Basic Thong Sandals,Shoes,shoes,Title,Default Title
ubfen-water-shoes-for-men-women-quick-dry-swim-aqua-socks-lightweight-barefoot-style-fit-rubber-sole-hiking-fishing-kayaking-beach-pool-boating-diving-and-water-to-land-wear,"UBFEN Water Shoes for Men Women Quick Dry Swim Aqua Socks | Lightweight Barefoot-style Fit, Rubber Sole, Hiking, Fishing, Kayaking, Beach, Pool, Boating, Diving And Water-to-land Wear",Shoes,shoes,Title,Default Title
simari-water-shoes-for-women-men-barefoot-quick-dry-aqua-socks-lightweight-swim-shoes-for-surfing-swimming-beach-sports-kayaking-diving-non-slip-design,"SIMARI Water Shoes for Women Men - Barefoot Quick-Dry Aqua Socks | Lightweight Swim Shoes for Surfing, Swimming, Beach Sports, Kayaking, Diving | Non-Slip Design",Shoes,shoes,Title,Default Title
joomra-pillow-slippers-for-women-and-men-non-slip-quick-drying-shower-slides-bathroom-sandals-ultra-cushion-thick-sole,Joomra Pillow Slippers for Women and Men Non Slip Quick Drying Shower Slides Bathroom Sandals | Ultra Cushion | Thick Sole,Shoes,shoes,Title,Default Title
whitin-women-s-multi-purpose-feather-water-shoes-thick-sole,WHITIN Women's Multi-Purpose Feather Water Shoes + Thick Sole,Shoes,shoes,Title,Default Title
brooks-women-s-ghost-max-3-neutral-running-walking-shoe,Brooks Women’s Ghost Max 3 Neutral Running & Walking Shoe,Shoes,shoes,Title,Default Title
cushionaire-splash-jelly-flip-flops-for-women-with-flexible-sole-soft-footbed-summer-sandals-for-women,"CUSHIONAIRE Splash Jelly Flip Flops for Women With Flexible Sole, Soft Footbed Summer Sandals for Women",Shoes,shoes,Title,Default Title
goosecret-women-s-comfortable-arch-support-walking-platform-sandals-lightweight-chunky-slip-on-foam-slides-with-adjustable-buckle-sandals-for-beach-and-daily-wear,"Goosecret Women's Comfortable Arch Support Walking Platform Sandals | Lightweight Chunky Slip-On Foam Slides with Adjustable Buckle, Sandals for Beach and Daily Wear",Shoes,shoes,Title,Default Title
skechers-women-s-hands-free-slip-ins-go-walk-flex-grand-entry-sneaker,Skechers Women's Hands Free Slip-ins Go Walk Flex - Grand Entry Sneaker,Shoes,shoes,Title,Default Title
hisea-rollda-cowboy-boots-for-women-cowgirl-boots-comfortable-western-boots-with-pointed-toe-stitched-embroidery-for-country-concert-dancing-wedding-traveling-daily-outfits,"HISEA Rollda Cowboy Boots for Women, Cowgirl Boots, Comfortable Western Boots with Pointed Toe Stitched Embroidery for Country Concert Dancing Wedding Traveling Daily Outfits",Shoes,shoes,Title,Default Title
yalox-water-shoes-women-s-men-s-outdoor-beach-swimming-aqua-socks-quick-dry-barefoot-shoes-surfing-yoga-pool-exercise,YALOX Water Shoes Women's Men's Outdoor Beach Swimming Aqua Socks Quick-Dry Barefoot Shoes Surfing Yoga Pool Exercise,Shoes,shoes,Title,Default Title
kuailu-womens-flip-flops-ladies-yoga-mat-comfortable-walking-thong-sandals-with-plantar-fasciitis-arch-support-slip-on-indoor-outdoor-for-summer,KuaiLu Womens Flip Flops Ladies Yoga Mat Comfortable Walking Thong Sandals With Plantar Fasciitis Arch Support Slip On Indoor Outdoor For Summer,Shoes,shoes,Title,Default Title
cushionaire-feather-eva-slides-for-women-comfortable-slip-on-womens-slippers-indoor-outdoor-shower-shoes-beach-essential-cloud-slides,"CUSHIONAIRE Feather EVA Slides for Women – Comfortable Slip On Womens Slippers, Indoor Outdoor Shower Shoes, Beach Essential Cloud Slides",Shoes,shoes,Title,Default Title
new-balance-women-s-327-sneaker,New Balance Women's 327 Sneaker,Shoes,shoes,Title,Default Title
kuailu-womens-fashion-orthotic-slides-ladies-athletic-yoga-mat-memory-foam-walking-sandals-thick-cushion-recovery-summer-beach-slippers-comfortable-plantar-fasciitis-arch-support,KuaiLu Womens Fashion Orthotic Slides Ladies Athletic Yoga Mat Memory Foam Walking Sandals Thick Cushion Recovery Summer Beach Slippers Comfortable Plantar Fasciitis Arch Support,Shoes,shoes,Title,Default Title
new-balance-women-s-608-v5-casual-comfort-cross-trainer,New Balance Women's 608 V5 Casual Comfort Cross Trainer,Shoes,shoes,Title,Default Title
kidmi-unisex-summer-sandals-arch-support-cork-footbed-slide-sandals-with-double-adjustable-buckle-for-women-men,KIDMI Unisex Summer Sandals Arch Support Cork Footbed Slide Sandals with Double Adjustable Buckle for Women Men,Shoes,shoes,Title,Default Title
adidas-womens-vl-court-3-0,adidas Womens Vl Court 3.0,Shoes,shoes,Title,Default Title
brooks-women-s-ghost-17-neutral-running-shoe,Brooks Women’s Ghost 17 Neutral Running Shoe,Shoes,shoes,Title,Default Title
reef-women-s-cushion-breeze-flip-flops,REEF Women's Cushion Breeze Flip Flops,Shoes,shoes,Title,Default Title
reef-cushion-vista-hi-womens-platform-fashion-sandal-arch-support-ultra-soft-cushion-footbed,"Reef Cushion Vista Hi Womens Platform Fashion Sandal, Arch Support, Ultra Soft Cushion Footbed",Shoes,shoes,Title,Default Title
reef-womens-bliss-nights-flip-flop,REEF Womens Bliss Nights Flip Flop,Shoes,shoes,Title,Default Title
cushionaire-fame-pillow-recovery-sandals-for-women-adjustable-double-buckle-waterproof-eva-cloud-slides-for-women,"CUSHIONAIRE Fame Pillow Recovery Sandals for Women, Adjustable Double Buckle Waterproof EVA Cloud Slides for Women",Shoes,shoes,Title,Default Title
watelves-womens-barefoot-water-shoes-travel-house-slippers-for-indoor-and-outdoor-aqua-socks-for-beach-swim-surf-yoga-dancing-camping-must-haves,WateLves Womens Barefoot Water Shoes Travel House Slippers for Indoor and Outdoor Aqua Socks for Beach Swim Surf Yoga Dancing Camping Must Haves,Shoes,shoes,Title,Default Title
reef-cushion-vista-womens-sandal,REEF Cushion Vista Womens Sandal,Shoes,shoes,Title,Default Title
doussprt-women-s-water-shoes-quick-drying-sports-aqua-shoes,DOUSSPRT Women's Water Shoes Quick Drying Sports Aqua Shoes,Shoes,shoes,Title,Default Title
anluke-water-shoes-barefoot-aqua-yoga-socks-quick-dry-beach-swim-surf-shoes-for-women-men,ANLUKE Water Shoes Barefoot Aqua Yoga Socks Quick-Dry Beach Swim Surf Shoes for Women Men,Shoes,shoes,Title,Default Title
skechers-women-s-bobs-b-cute-sneaker-memory-foam-flexible-outsole-lightweight-vegan-shoes,"Skechers Women's Bobs B Cute Sneaker - Memory Foam, Flexible Outsole, Lightweight Vegan Shoes",Shoes,shoes,Title,Default Title
weweya-slides-for-women-and-men-bathroom-shower-shoes-non-slip-house-slippers-lightweight-beach-sandals,Weweya Slides for Women and Men - Bathroom Shower Shoes - Non Slip House Slippers - Lightweight Beach Sandals,Shoes,shoes,Title,Default Title
brooks-women-s-revel-8-neutral-running-walking-shoe,Brooks Women’s Revel 8 Neutral Running & Walking Shoe,Shoes,shoes,Title,Default Title
watelves-water-shoes-mens-womens-beach-swim-shoes-quick-dry-aqua-socks-pool-shoes-for-surf-yoga-water-aerobics,WateLves Water Shoes Mens Womens Beach Swim Shoes Quick-Dry Aqua Socks Pool Shoes for Surf Yoga Water Aerobics,Shoes,shoes,Title,Default Title
snug-leaves-women-s-fuzzy-scuff-slippers-soft-comfy-memory-foam-non-slip-indoor-house-shoes,Snug Leaves Women's Fuzzy Scuff Slippers Soft Comfy Memory Foam Non-slip Indoor House Shoes,Shoes,shoes,Title,Default Title
dr-scholl-s-shoes-women-s-time-off,Dr.Scholl's Shoes Women's Time Off,Shoes,shoes,Title,Default Title
coface-womens-fashion-orthotic-flip-flops-ladies-slip-on-lightweight-athletic-yoga-mat-cushion-thong-sandals-with-comfortable-plantar-fasciitis-arch-support,COFACE Womens Fashion Orthotic Flip Flops Ladies Slip On Lightweight Athletic Yoga Mat Cushion Thong Sandals With Comfortable Plantar Fasciitis Arch Support,Shoes,shoes,Title,Default Title
litfun-shower-shoes-for-women-non-slip-quick-dry-shower-slippers-lightweight-pool-sandals-with-drain-holes-for-college-dorm-beach-bathroom-gym,"Litfun Shower Shoes for Women Non-Slip Quick Dry Shower Slippers Lightweight Pool Sandals with Drain Holes for College Dorm, Beach, Bathroom & Gym",Shoes,shoes,Title,Default Title
vsufim-quick-dry-water-sports-barefoot-shoes-aqua-socks-for-swim-beach-pool-surf-yoga-for-women-men,Vsufim Quick-Dry Water Sports Barefoot Shoes Aqua Socks for Swim Beach Pool Surf Yoga for Women Men,Shoes,shoes,Title,Default Title
